timestamp,value,dimensions
2026-09-30T12:30:00Z,1.16,ConsumerGroup=alert-ingest;Topic=security-events;ClusterName=security-events-cluster
2026-09-30T12:31:00Z,1.69,ConsumerGroup=alert-ingest;Topic=security-events;ClusterName=security-events-cluster
2026-09-30T12:32:00Z,1.72,ConsumerGroup=alert-ingest;Topic=security-events;ClusterName=security-events-cluster
2026-09-30T12:33:00Z,1.16,ConsumerGroup=alert-ingest;Topic=security-events;ClusterName=security-events-cluster
2026-09-30T12:34:00Z,1.79,ConsumerGroup=alert-ingest;Topic=security-events;ClusterName=security-events-cluster
2026-09-30T12:35:00Z,0.91,ConsumerGroup=alert-ingest;Topic=security-events;ClusterName=security-events-cluster
2026-09-30T12:36:00Z,1.13,ConsumerGroup=alert-ingest;Topic=security-events;ClusterName=security-events-cluster
2026-09-30T12:37:00Z,1.32,ConsumerGroup=alert-ingest;Topic=security-events;ClusterName=security-events-cluster
2026-09-30T12:38:00Z,1,ConsumerGroup=alert-ingest;Topic=security-events;ClusterName=security-events-cluster
2026-09-30T12:39:00Z,1.18,ConsumerGroup=alert-ingest;Topic=security-events;ClusterName=security-events-cluster
2026-09-30T12:40:00Z,1.17,ConsumerGroup=alert-ingest;Topic=security-events;ClusterName=security-events-cluster
2026-09-30T12:41:00Z,1.2,ConsumerGroup=alert-ingest;Topic=security-events;ClusterName=security-events-cluster
2026-09-30T12:42:00Z,1.9,ConsumerGroup=alert-ingest;Topic=security-events;ClusterName=security-events-cluster
2026-09-30T12:43:00Z,1,ConsumerGroup=alert-ingest;Topic=security-events;ClusterName=security-events-cluster
2026-09-30T12:44:00Z,1.66,ConsumerGroup=alert-ingest;Topic=security-events;ClusterName=security-events-cluster
2026-09-30T12:45:00Z,1.21,ConsumerGroup=alert-ingest;Topic=security-events;ClusterName=security-events-cluster
2026-09-30T12:46:00Z,1.63,ConsumerGroup=alert-ingest;Topic=security-events;ClusterName=security-events-cluster
2026-09-30T12:47:00Z,1.27,ConsumerGroup=alert-ingest;Topic=security-events;ClusterName=security-events-cluster
2026-09-30T12:48:00Z,1.46,ConsumerGroup=alert-ingest;Topic=security-events;ClusterName=security-events-cluster
2026-09-30T12:49:00Z,1.06,ConsumerGroup=alert-ingest;Topic=security-events;ClusterName=security-events-cluster
2026-09-30T12:50:00Z,1.46,ConsumerGroup=alert-ingest;Topic=security-events;ClusterName=security-events-cluster
2026-09-30T12:51:00Z,1.83,ConsumerGroup=alert-ingest;Topic=security-events;ClusterName=security-events-cluster
2026-09-30T12:52:00Z,1.69,ConsumerGroup=alert-ingest;Topic=security-events;ClusterName=security-events-cluster
2026-09-30T12:53:00Z,1.79,ConsumerGroup=alert-ingest;Topic=security-events;ClusterName=security-events-cluster
2026-09-30T12:54:00Z,0.94,ConsumerGroup=alert-ingest;Topic=security-events;ClusterName=security-events-cluster
2026-09-30T12:55:00Z,1.03,ConsumerGroup=alert-ingest;Topic=security-events;ClusterName=security-events-cluster
2026-09-30T12:56:00Z,1.09,ConsumerGroup=alert-ingest;Topic=security-events;ClusterName=security-events-cluster
2026-09-30T12:57:00Z,1.12,ConsumerGroup=alert-ingest;Topic=security-events;ClusterName=security-events-cluster
2026-09-30T12:58:00Z,1.45,ConsumerGroup=alert-ingest;Topic=security-events;ClusterName=security-events-cluster
2026-09-30T12:59:00Z,1.54,ConsumerGroup=alert-ingest;Topic=security-events;ClusterName=security-events-cluster
2026-09-30T13:00:00Z,1.86,ConsumerGroup=alert-ingest;Topic=security-events;ClusterName=security-events-cluster
2026-09-30T13:01:00Z,0.9,ConsumerGroup=alert-ingest;Topic=security-events;ClusterName=security-events-cluster
2026-09-30T13:02:00Z,1.86,ConsumerGroup=alert-ingest;Topic=security-events;ClusterName=security-events-cluster
2026-09-30T13:03:00Z,1.72,ConsumerGroup=alert-ingest;Topic=security-events;ClusterName=security-events-cluster
2026-09-30T13:04:00Z,1.7,ConsumerGroup=alert-ingest;Topic=security-events;ClusterName=security-events-cluster
2026-09-30T13:05:00Z,1.36,ConsumerGroup=alert-ingest;Topic=security-events;ClusterName=security-events-cluster
2026-09-30T13:06:00Z,1.53,ConsumerGroup=alert-ingest;Topic=security-events;ClusterName=security-events-cluster
2026-09-30T13:07:00Z,1.47,ConsumerGroup=alert-ingest;Topic=security-events;ClusterName=security-events-cluster
2026-09-30T13:08:00Z,1.17,ConsumerGroup=alert-ingest;Topic=security-events;ClusterName=security-events-cluster
2026-09-30T13:09:00Z,1.23,ConsumerGroup=alert-ingest;Topic=security-events;ClusterName=security-events-cluster
2026-09-30T13:10:00Z,1.06,ConsumerGroup=alert-ingest;Topic=security-events;ClusterName=security-events-cluster
2026-09-30T13:11:00Z,1.53,ConsumerGroup=alert-ingest;Topic=security-events;ClusterName=security-events-cluster
2026-09-30T13:12:00Z,1.04,ConsumerGroup=alert-ingest;Topic=security-events;ClusterName=security-events-cluster
2026-09-30T13:13:00Z,0.93,ConsumerGroup=alert-ingest;Topic=security-events;ClusterName=security-events-cluster
2026-09-30T13:14:00Z,1.49,ConsumerGroup=alert-ingest;Topic=security-events;ClusterName=security-events-cluster
2026-09-30T13:15:00Z,1.54,ConsumerGroup=alert-ingest;Topic=security-events;ClusterName=security-events-cluster
2026-09-30T13:16:00Z,1.7,ConsumerGroup=alert-ingest;Topic=security-events;ClusterName=security-events-cluster
2026-09-30T13:17:00Z,1.79,ConsumerGroup=alert-ingest;Topic=security-events;ClusterName=security-events-cluster
2026-09-30T13:18:00Z,1.06,ConsumerGroup=alert-ingest;Topic=security-events;ClusterName=security-events-cluster
2026-09-30T13:19:00Z,1.53,ConsumerGroup=alert-ingest;Topic=security-events;ClusterName=security-events-cluster
2026-09-30T13:20:00Z,1.7,ConsumerGroup=alert-ingest;Topic=security-events;ClusterName=security-events-cluster
2026-09-30T13:21:00Z,1.17,ConsumerGroup=alert-ingest;Topic=security-events;ClusterName=security-events-cluster
2026-09-30T13:22:00Z,1.73,ConsumerGroup=alert-ingest;Topic=security-events;ClusterName=security-events-cluster
2026-09-30T13:23:00Z,0.93,ConsumerGroup=alert-ingest;Topic=security-events;ClusterName=security-events-cluster
2026-09-30T13:24:00Z,1.22,ConsumerGroup=alert-ingest;Topic=security-events;ClusterName=security-events-cluster
2026-09-30T13:25:00Z,1.48,ConsumerGroup=alert-ingest;Topic=security-events;ClusterName=security-events-cluster
2026-09-30T13:26:00Z,0.97,ConsumerGroup=alert-ingest;Topic=security-events;ClusterName=security-events-cluster
2026-09-30T13:27:00Z,1.65,ConsumerGroup=alert-ingest;Topic=security-events;ClusterName=security-events-cluster
2026-09-30T13:28:00Z,1.45,ConsumerGroup=alert-ingest;Topic=security-events;ClusterName=security-events-cluster
2026-09-30T13:29:00Z,1.63,ConsumerGroup=alert-ingest;Topic=security-events;ClusterName=security-events-cluster
2026-09-30T13:30:00Z,0.95,ConsumerGroup=alert-ingest;Topic=security-events;ClusterName=security-events-cluster
2026-09-30T13:31:00Z,1.45,ConsumerGroup=alert-ingest;Topic=security-events;ClusterName=security-events-cluster
2026-09-30T13:32:00Z,1.64,ConsumerGroup=alert-ingest;Topic=security-events;ClusterName=security-events-cluster
2026-09-30T13:33:00Z,1.57,ConsumerGroup=alert-ingest;Topic=security-events;ClusterName=security-events-cluster
2026-09-30T13:34:00Z,1.58,ConsumerGroup=alert-ingest;Topic=security-events;ClusterName=security-events-cluster
2026-09-30T13:35:00Z,1,ConsumerGroup=alert-ingest;Topic=security-events;ClusterName=security-events-cluster
2026-09-30T13:36:00Z,1.67,ConsumerGroup=alert-ingest;Topic=security-events;ClusterName=security-events-cluster
2026-09-30T13:37:00Z,1.85,ConsumerGroup=alert-ingest;Topic=security-events;ClusterName=security-events-cluster
2026-09-30T13:38:00Z,1.65,ConsumerGroup=alert-ingest;Topic=security-events;ClusterName=security-events-cluster
2026-09-30T13:39:00Z,1.92,ConsumerGroup=alert-ingest;Topic=security-events;ClusterName=security-events-cluster
2026-09-30T13:40:00Z,1.55,ConsumerGroup=alert-ingest;Topic=security-events;ClusterName=security-events-cluster
2026-09-30T13:41:00Z,1.53,ConsumerGroup=alert-ingest;Topic=security-events;ClusterName=security-events-cluster
2026-09-30T13:42:00Z,1.51,ConsumerGroup=alert-ingest;Topic=security-events;ClusterName=security-events-cluster
2026-09-30T13:43:00Z,1.09,ConsumerGroup=alert-ingest;Topic=security-events;ClusterName=security-events-cluster
2026-09-30T13:44:00Z,1.63,ConsumerGroup=alert-ingest;Topic=security-events;ClusterName=security-events-cluster
2026-09-30T13:45:00Z,1.4,ConsumerGroup=alert-ingest;Topic=security-events;ClusterName=security-events-cluster
2026-09-30T13:46:00Z,1.27,ConsumerGroup=alert-ingest;Topic=security-events;ClusterName=security-events-cluster
2026-09-30T13:47:00Z,1.22,ConsumerGroup=alert-ingest;Topic=security-events;ClusterName=security-events-cluster
2026-09-30T13:48:00Z,1.42,ConsumerGroup=alert-ingest;Topic=security-events;ClusterName=security-events-cluster
2026-09-30T13:49:00Z,1.43,ConsumerGroup=alert-ingest;Topic=security-events;ClusterName=security-events-cluster
2026-09-30T13:50:00Z,1.14,ConsumerGroup=alert-ingest;Topic=security-events;ClusterName=security-events-cluster
2026-09-30T13:51:00Z,1.42,ConsumerGroup=alert-ingest;Topic=security-events;ClusterName=security-events-cluster
2026-09-30T13:52:00Z,1.3,ConsumerGroup=alert-ingest;Topic=security-events;ClusterName=security-events-cluster
2026-09-30T13:53:00Z,1.58,ConsumerGroup=alert-ingest;Topic=security-events;ClusterName=security-events-cluster
2026-09-30T13:54:00Z,1.09,ConsumerGroup=alert-ingest;Topic=security-events;ClusterName=security-events-cluster
2026-09-30T13:55:00Z,1.61,ConsumerGroup=alert-ingest;Topic=security-events;ClusterName=security-events-cluster
2026-09-30T13:56:00Z,1.86,ConsumerGroup=alert-ingest;Topic=security-events;ClusterName=security-events-cluster
2026-09-30T13:57:00Z,1.72,ConsumerGroup=alert-ingest;Topic=security-events;ClusterName=security-events-cluster
2026-09-30T13:58:00Z,1.27,ConsumerGroup=alert-ingest;Topic=security-events;ClusterName=security-events-cluster
2026-09-30T13:59:00Z,1.81,ConsumerGroup=alert-ingest;Topic=security-events;ClusterName=security-events-cluster
2026-09-30T14:00:00Z,1.23,ConsumerGroup=alert-ingest;Topic=security-events;ClusterName=security-events-cluster
2026-09-30T14:01:00Z,1.75,ConsumerGroup=alert-ingest;Topic=security-events;ClusterName=security-events-cluster
2026-09-30T14:02:00Z,0.99,ConsumerGroup=alert-ingest;Topic=security-events;ClusterName=security-events-cluster
2026-09-30T14:03:00Z,10.89,ConsumerGroup=alert-ingest;Topic=security-events;ClusterName=security-events-cluster
2026-09-30T14:04:00Z,33.36,ConsumerGroup=alert-ingest;Topic=security-events;ClusterName=security-events-cluster
2026-09-30T14:05:00Z,70.56,ConsumerGroup=alert-ingest;Topic=security-events;ClusterName=security-events-cluster
2026-09-30T14:06:00Z,119.32,ConsumerGroup=alert-ingest;Topic=security-events;ClusterName=security-events-cluster
2026-09-30T14:07:00Z,171.86,ConsumerGroup=alert-ingest;Topic=security-events;ClusterName=security-events-cluster
2026-09-30T14:08:00Z,223.36,ConsumerGroup=alert-ingest;Topic=security-events;ClusterName=security-events-cluster
2026-09-30T14:09:00Z,267.31,ConsumerGroup=alert-ingest;Topic=security-events;ClusterName=security-events-cluster
2026-09-30T14:10:00Z,327.61,ConsumerGroup=alert-ingest;Topic=security-events;ClusterName=security-events-cluster
2026-09-30T14:11:00Z,378.08,ConsumerGroup=alert-ingest;Topic=security-events;ClusterName=security-events-cluster
2026-09-30T14:12:00Z,421.1,ConsumerGroup=alert-ingest;Topic=security-events;ClusterName=security-events-cluster
2026-09-30T14:13:00Z,483.09,ConsumerGroup=alert-ingest;Topic=security-events;ClusterName=security-events-cluster
2026-09-30T14:14:00Z,527.03,ConsumerGroup=alert-ingest;Topic=security-events;ClusterName=security-events-cluster
2026-09-30T14:15:00Z,599.61,ConsumerGroup=alert-ingest;Topic=security-events;ClusterName=security-events-cluster
2026-09-30T14:16:00Z,613.49,ConsumerGroup=alert-ingest;Topic=security-events;ClusterName=security-events-cluster
2026-09-30T14:17:00Z,705.35,ConsumerGroup=alert-ingest;Topic=security-events;ClusterName=security-events-cluster
2026-09-30T14:18:00Z,732.31,ConsumerGroup=alert-ingest;Topic=security-events;ClusterName=security-events-cluster
2026-09-30T14:19:00Z,768.98,ConsumerGroup=alert-ingest;Topic=security-events;ClusterName=security-events-cluster
2026-09-30T14:20:00Z,844.66,ConsumerGroup=alert-ingest;Topic=security-events;ClusterName=security-events-cluster
2026-09-30T14:21:00Z,859.04,ConsumerGroup=alert-ingest;Topic=security-events;ClusterName=security-events-cluster
2026-09-30T14:22:00Z,958.12,ConsumerGroup=alert-ingest;Topic=security-events;ClusterName=security-events-cluster
2026-09-30T14:23:00Z,971.72,ConsumerGroup=alert-ingest;Topic=security-events;ClusterName=security-events-cluster
2026-09-30T14:24:00Z,1069.3,ConsumerGroup=alert-ingest;Topic=security-events;ClusterName=security-events-cluster
2026-09-30T14:25:00Z,1099.16,ConsumerGroup=alert-ingest;Topic=security-events;ClusterName=security-events-cluster
2026-09-30T14:26:00Z,1103.1,ConsumerGroup=alert-ingest;Topic=security-events;ClusterName=security-events-cluster
2026-09-30T14:27:00Z,1237.78,ConsumerGroup=alert-ingest;Topic=security-events;ClusterName=security-events-cluster
2026-09-30T14:28:00Z,1249.4,ConsumerGroup=alert-ingest;Topic=security-events;ClusterName=security-events-cluster
2026-09-30T14:29:00Z,1297.47,ConsumerGroup=alert-ingest;Topic=security-events;ClusterName=security-events-cluster
2026-09-30T14:30:00Z,1380.27,ConsumerGroup=alert-ingest;Topic=security-events;ClusterName=security-events-cluster
