timestamp,value,dimensions,p99
2026-10-02T08:30:00Z,0.47,Service=portal-api,2.53
2026-10-02T08:31:00Z,0.39,Service=portal-api,2.69
2026-10-02T08:32:00Z,0.41,Service=portal-api,3
2026-10-02T08:33:00Z,0.42,Service=portal-api,2.44
2026-10-02T08:34:00Z,0.47,Service=portal-api,2.57
2026-10-02T08:35:00Z,0.45,Service=portal-api,2.6
2026-10-02T08:36:00Z,0.35,Service=portal-api,2.18
2026-10-02T08:37:00Z,0.35,Service=portal-api,2.48
2026-10-02T08:38:00Z,0.47,Service=portal-api,2.13
2026-10-02T08:39:00Z,0.37,Service=portal-api,2.28
2026-10-02T08:40:00Z,0.49,Service=portal-api,2.36
2026-10-02T08:41:00Z,0.42,Service=portal-api,3.29
2026-10-02T08:42:00Z,0.39,Service=portal-api,2.28
2026-10-02T08:43:00Z,0.5,Service=portal-api,2.16
2026-10-02T08:44:00Z,0.31,Service=portal-api,2.51
2026-10-02T08:45:00Z,0.49,Service=portal-api,3.47
2026-10-02T08:46:00Z,0.33,Service=portal-api,2.19
2026-10-02T08:47:00Z,0.41,Service=portal-api,2.22
2026-10-02T08:48:00Z,0.33,Service=portal-api,3.14
2026-10-02T08:49:00Z,0.39,Service=portal-api,2.99
2026-10-02T08:50:00Z,0.47,Service=portal-api,2.75
2026-10-02T08:51:00Z,0.45,Service=portal-api,2.72
2026-10-02T08:52:00Z,0.49,Service=portal-api,3.48
2026-10-02T08:53:00Z,0.45,Service=portal-api,2.06
2026-10-02T08:54:00Z,0.36,Service=portal-api,2.84
2026-10-02T08:55:00Z,0.45,Service=portal-api,3.27
2026-10-02T08:56:00Z,0.5,Service=portal-api,2.78
2026-10-02T08:57:00Z,0.4,Service=portal-api,2.06
2026-10-02T08:58:00Z,0.43,Service=portal-api,3.39
2026-10-02T08:59:00Z,0.46,Service=portal-api,2.87
2026-10-02T09:00:00Z,0.44,Service=portal-api,3.03
2026-10-02T09:01:00Z,0.5,Service=portal-api,2.03
2026-10-02T09:02:00Z,0.44,Service=portal-api,3.24
2026-10-02T09:03:00Z,0.4,Service=portal-api,2.35
2026-10-02T09:04:00Z,0.35,Service=portal-api,3.31
2026-10-02T09:05:00Z,0.45,Service=portal-api,2.22
2026-10-02T09:06:00Z,0.33,Service=portal-api,2.12
2026-10-02T09:07:00Z,0.32,Service=portal-api,3.28
2026-10-02T09:08:00Z,0.38,Service=portal-api,2.25
2026-10-02T09:09:00Z,0.37,Service=portal-api,2.18
2026-10-02T09:10:00Z,0.41,Service=portal-api,2.18
2026-10-02T09:11:00Z,0.34,Service=portal-api,3.46
2026-10-02T09:12:00Z,0.43,Service=portal-api,2.49
2026-10-02T09:13:00Z,0.49,Service=portal-api,3.1
2026-10-02T09:14:00Z,0.48,Service=portal-api,2.45
2026-10-02T09:15:00Z,0.41,Service=portal-api,2.72
2026-10-02T09:16:00Z,0.47,Service=portal-api,3.13
2026-10-02T09:17:00Z,0.3,Service=portal-api,2.97
2026-10-02T09:18:00Z,0.31,Service=portal-api,2.41
2026-10-02T09:19:00Z,0.39,Service=portal-api,2.19
2026-10-02T09:20:00Z,0.45,Service=portal-api,2.22
2026-10-02T09:21:00Z,0.5,Service=portal-api,2.57
2026-10-02T09:22:00Z,0.41,Service=portal-api,2.25
2026-10-02T09:23:00Z,0.41,Service=portal-api,2.53
2026-10-02T09:24:00Z,0.35,Service=portal-api,2.26
2026-10-02T09:25:00Z,0.44,Service=portal-api,2.13
2026-10-02T09:26:00Z,0.32,Service=portal-api,2.27
2026-10-02T09:27:00Z,0.46,Service=portal-api,2.46
2026-10-02T09:28:00Z,0.39,Service=portal-api,3.39
2026-10-02T09:29:00Z,0.35,Service=portal-api,2.14
2026-10-02T09:30:00Z,0.37,Service=portal-api,3.18
2026-10-02T09:31:00Z,0.35,Service=portal-api,2.47
2026-10-02T09:32:00Z,0.31,Service=portal-api,2.54
2026-10-02T09:33:00Z,0.38,Service=portal-api,2.63
2026-10-02T09:34:00Z,0.42,Service=portal-api,2.99
2026-10-02T09:35:00Z,0.43,Service=portal-api,3.21
2026-10-02T09:36:00Z,0.31,Service=portal-api,3.03
2026-10-02T09:37:00Z,0.46,Service=portal-api,2.4
2026-10-02T09:38:00Z,0.36,Service=portal-api,2.42
2026-10-02T09:39:00Z,0.44,Service=portal-api,2.17
2026-10-02T09:40:00Z,8528.71,Service=portal-api,8833.67
2026-10-02T09:41:00Z,9485.16,Service=portal-api,10000
2026-10-02T09:42:00Z,9610.12,Service=portal-api,10000
2026-10-02T09:43:00Z,9729.41,Service=portal-api,10000
2026-10-02T09:44:00Z,9610.11,Service=portal-api,10000
2026-10-02T09:45:00Z,9487.85,Service=portal-api,10000
2026-10-02T09:46:00Z,9598.46,Service=portal-api,10000
2026-10-02T09:47:00Z,9585.04,Service=portal-api,10000
2026-10-02T09:48:00Z,9466.05,Service=portal-api,10000
2026-10-02T09:49:00Z,9510.65,Service=portal-api,10000
2026-10-02T09:50:00Z,9563.04,Service=portal-api,10000
2026-10-02T09:51:00Z,9574.63,Service=portal-api,10000
2026-10-02T09:52:00Z,3470.95,Service=portal-api,10000
2026-10-02T09:53:00Z,1491.47,Service=portal-api,10000
2026-10-02T09:54:00Z,1214.4,Service=portal-api,10000
2026-10-02T09:55:00Z,1572.75,Service=portal-api,10000
2026-10-02T09:56:00Z,1348.44,Service=portal-api,10000
2026-10-02T09:57:00Z,1464.92,Service=portal-api,10000
2026-10-02T09:58:00Z,1392.89,Service=portal-api,10000
2026-10-02T09:59:00Z,1224.88,Service=portal-api,10000
2026-10-02T10:00:00Z,1319.06,Service=portal-api,10000
2026-10-02T10:01:00Z,1266.18,Service=portal-api,10000
2026-10-02T10:02:00Z,1393.6,Service=portal-api,10000
2026-10-02T10:03:00Z,1220.7,Service=portal-api,10000
2026-10-02T10:04:00Z,1222.93,Service=portal-api,10000
2026-10-02T10:05:00Z,1576.05,Service=portal-api,10000
